{"cameraMode":{"drawMode":0,"name":"Shaded","section":"Shading Mode"},"sceneLighting":false,"audioPlay":false,"sceneViewState":{"showFog":true,"showMaterialUpdate":false,"showSkybox":true,"showFlares":true,"showImageEffects":false,"showParticleSystems":true},"in2DMode":false,"pivot":{"x":-62.13951110839844,"y":-4.383584499359131,"z":-1.296752691268921},"rotation":{"x":-0.0024288210552185776,"y":0.9975698590278626,"z":-0.048284124583005908,"w":-0.05017217993736267},"size":2.881622552871704,"orthographic":false}