{"cameraMode":{"drawMode":0,"name":"Shaded","section":"Shading Mode"},"sceneLighting":false,"audioPlay":false,"sceneViewState":{"showFog":true,"showMaterialUpdate":false,"showSkybox":true,"showFlares":true,"showImageEffects":true,"showParticleSystems":true},"in2DMode":false,"pivot":{"x":-38.671356201171878,"y":-5.636850833892822,"z":-67.73194885253906},"rotation":{"x":-0.10140333324670792,"y":0.28795695304870608,"z":0.030679000541567804,"w":0.9517651796340942},"size":8.827829360961914,"orthographic":false}