{"cameraMode":{"drawMode":0,"name":"Shaded","section":"Shading Mode"},"sceneLighting":false,"audioPlay":false,"sceneViewState":{"showFog":true,"showMaterialUpdate":false,"showSkybox":true,"showFlares":true,"showImageEffects":false,"showParticleSystems":true},"in2DMode":false,"pivot":{"x":-87.5320053100586,"y":-5.643703460693359,"z":32.121612548828128},"rotation":{"x":0.04026682302355766,"y":0.9207192659378052,"z":-0.09876908361911774,"w":0.3753655254840851},"size":668.9669189453125,"orthographic":false}