{"cameraMode":{"drawMode":0,"name":"Shaded","section":"Shading Mode"},"sceneLighting":false,"audioPlay":false,"sceneViewState":{"showFog":true,"showMaterialUpdate":false,"showSkybox":true,"showFlares":true,"showImageEffects":true,"showParticleSystems":true},"in2DMode":false,"pivot":{"x":374.3630676269531,"y":141.59902954101563,"z":-98.60002136230469},"rotation":{"x":-0.02268850989639759,"y":-0.12154677510261536,"z":0.0027796116191893818,"w":-0.9923225045204163},"size":26.185670852661134,"orthographic":false}