{"cameraMode":{"drawMode":0,"name":"Shaded","section":"Shading Mode"},"sceneLighting":true,"audioPlay":false,"sceneViewState":{"showFog":true,"showMaterialUpdate":false,"showSkybox":true,"showFlares":true,"showImageEffects":false,"showParticleSystems":true},"in2DMode":false,"pivot":{"x":-151.34591674804688,"y":-12.844161033630371,"z":63.528221130371097},"rotation":{"x":-0.03448265418410301,"y":0.7399256825447083,"z":-0.03804005682468414,"w":-0.670726478099823},"size":41.19419860839844,"orthographic":false}