{"cameraMode":{"drawMode":0,"name":"Shaded","section":"Shading Mode"},"sceneLighting":true,"audioPlay":false,"sceneViewState":{"showFog":true,"showMaterialUpdate":false,"showSkybox":true,"showFlares":true,"showImageEffects":false,"showParticleSystems":true},"in2DMode":false,"pivot":{"x":0.4029998183250427,"y":-0.5419999361038208,"z":1.7027792930603028},"rotation":{"x":-0.09286671876907349,"y":0.6706379652023315,"z":-0.08519736677408219,"w":-0.7310006618499756},"size":4.024455547332764,"orthographic":false}