{"cameraMode":{"drawMode":0,"name":"Shaded","section":"Shading Mode"},"sceneLighting":false,"audioPlay":false,"sceneViewState":{"showFog":true,"showMaterialUpdate":false,"showSkybox":true,"showFlares":true,"showImageEffects":false,"showParticleSystems":true},"in2DMode":false,"pivot":{"x":-22.246639251708986,"y":-13.976448059082032,"z":-10.55333137512207},"rotation":{"x":0.001750895637087524,"y":0.9966815710067749,"z":-0.07826303690671921,"w":0.022308744490146638},"size":14.98615550994873,"orthographic":false}