{"cameraMode":{"drawMode":0,"name":"Shaded","section":"Shading Mode"},"sceneLighting":false,"audioPlay":false,"sceneViewState":{"showFog":true,"showMaterialUpdate":false,"showSkybox":true,"showFlares":true,"showImageEffects":false,"showParticleSystems":true},"in2DMode":false,"pivot":{"x":-83.40052032470703,"y":-1.403584599494934,"z":9.895771026611329},"rotation":{"x":-0.0024288210552185776,"y":0.9975698590278626,"z":-0.048284124583005908,"w":-0.05017217993736267},"size":2.881622314453125,"orthographic":false}