{"cameraMode":{"drawMode":0,"name":"Shaded","section":"Shading Mode"},"sceneLighting":false,"audioPlay":false,"sceneViewState":{"showFog":true,"showMaterialUpdate":false,"showSkybox":true,"showFlares":true,"showImageEffects":false,"showParticleSystems":true},"in2DMode":false,"pivot":{"x":-26.407840728759767,"y":-11.908651351928711,"z":-2.629666566848755},"rotation":{"x":-0.04610816389322281,"y":0.8696045279502869,"z":-0.08274269104003906,"w":-0.48457789421081545},"size":15.93199634552002,"orthographic":false}